Fanny Molyneux	mère	Guillaume Turpin
Wenceslas Vorobeïtchik	père	Guillaume Turpin
Guillaume Turpin	fils	Fanny Molyneux
Guillaume Turpin	fils	Wenceslas Vorobeïtchik
Fanny Molyneux	mère	Susanne Lopes
Wenceslas Vorobeïtchik	père	Susanne Lopes
Guillaume Turpin	frère	Susanne Lopes
Susanne Lopes	sœur	Guillaume Turpin
Susanne Lopes	fille	Fanny Molyneux
Susanne Lopes	fille	Wenceslas Vorobeïtchik
Philippe Picard	père	William Pecil
William Pecil	fils	Philippe Picard
Victory Pecil	mère	William Pecil
William Pecil	fils	Victory Pecil
Léonie Moulin de la Gomes	fille	Lalah-Poor
Lalah-Poor	père	Léonie Moulin de la Gomes
Jeannine Auger	fille	Berthe Auger
Jeannine Auger	fille	Ambroise Auger
Berthe Auger	mère	Jeannine Auger
Berthe Auger	femme	Ambroise Auger
Ambroise Auger	père	Jeannine Auger
Ambroise Auger	mari	Berthe Auger
Roméo Sisque	mari	Liliane Touraine
Liliane Touraine	femme	Roméo Sisque
Pierre Bertin	mari	Eulalie Bertin
Eulalie Bertin	femme	Pierre Bertin
Gérard Demaquet	mari	Hortense Demaquet
Hortense Demaquet	femme	Gérard Demaquet
Antoine Delorme	père	Bernard Delorme
Antoine Delorme	mari	Anastasie Delorme
Antoine Delorme	beau-père	Claire Delorme
Bernard Delorme	fils	Antoine Delorme
Bernard Delorme	fils	Anastasie Delorme
Bernard Delorme	mari	Claire Delorme
Anastasie Delorme	femme	Antoine Delorme
Anastasie Delorme	belle-mère	Claire Delorme
Anastasie Delorme	mère	Bernard Delorme
Claire Delorme	femme	Bernard Delorme
Claire Delorme	belle-fille	Antoine Delorme
Claire Delorme	belle-fille	Anastasie Delorme
Denise Saillens	sœur	Noël Saillens
Denise Saillens	tante	Rolande Saillens
François Boulin	fils	Sylvie Boulin
Laura Vorzet	femme	Michel Vorzet
Laura Vorzet	sœur	Marie Corbin
Michel Vorzet	confrère	Rémy Germain
Marie Corbin	sœur	Laura Vorzet
Michel Vorzet	mari	Laura Vorzet
Michel Vorzet	beau-frère	Marie Corbin
Marie Corbin	belle-sœur	Michel Vorzet
Noël Saillens	frère	Denise Saillens
Noël Saillens	père	Rolande Saillens
Rémy Germain	confrère	Louis Bertrand
Rolande Saillens	fille	Noël Saillens
Rolande Saillens	nièce	Denise Saillens
Sylvie Boulin	mère	François Boulin
Henriette Beaugé	voisine	Félicie François
Félicie François	voisine	Liliane Touraine
Liliane Touraine	voisine	Henriette Beaugé
Félicie François	voisine	Henriette Beaugé
Liliane Touraine	voisine	Félicie François
Henriette Beaugé	voisine	Liliane Touraine
Henriette Beaugé	mère	Céleste Bertier
Henriette Beaugé	belle-mère	Placide Bertier
Céline Poirier	femme	Joseph Poirier
Céline Poirier	mère	Annette Poirier
Joseph Poirier	mari	Céline Poirier
Joseph Poirier	père	Annette Poirier
Annette Poirier	fille	Joseph Poirier
Annette Poirier	fille	Céline Poirier
Céleste Bertier	fille	Henriette Beaugé
Placide Bertier	gendre	Henriette Beaugé
Céleste Bertier	femme	Placide Bertier
Placide Bertier	mari	Céleste Bertier
Philippe Picard	mari	Adrienne Picard
Adrienne Picard	femme	Philippe Picard
Philippe Picard	père	Nicolas Picard
Adrienne Picard	mère	Nicolas Picard
Nicolas Picard	fils	Philippe Picard
Nicolas Picard	fils	Adrienne Picard
Kid Robert	mari	Adrienne Robert
Adrienne Robert	femme	Kid Robert
Kid Robert	père	Charlot Robert
Adrienne Robert	mère	Charlot Robert
Charlot Robert	fils	Kid Robert
Charlot Robert	fils	Adrienne Robert
François Boulin	beau-frère	Sidonie Rose
Sidonie Rose	belle-sœur	François Boulin
Sylvie Boulin	belle-mère	Sidonie Rose
Sidonie Rose	belle-fille	Sylvie Boulin
Albert Boulin	mari	Sidonie Rose
Sidonie Rose	femme	Albert Boulin
François Boulin	frère	Albert Boulin
Albert Boulin	frère	François Boulin
Sylvie Boulin	mère	Albert Boulin
Albert Boulin	fils	Sylvie Boulin
Armand Monet	mari	Géraldine Monet
Géraldine Monet	femme	Armand Monet
Armand Monet	père	Dominique Monet
Géraldine Monet	mère	Dominique Monet
Dominique Monet	fils	Armand Monet
Dominique Monet	fils	Géraldine Monet
Roger Drapeau	mari	Anne Drapeau
Anne Drapeau	femme	Roger Drapeau
Roger Drapeau	père	Antonin Drapeau
Anne Drapeau	mère	Antonin Drapeau
Antonin Drapeau	fils	Roger Drapeau
Antonin Drapeau	fils	Anne Drapeau
Julien Bartaz	mari	Julienne Bartaz
Julienne Bartaz	femme	Julien Bartaz
Julien Bartaz	père	Julie Bartaz
Julienne Bartaz	mère	Julie Bartaz
Julie Bartaz	fille	Julien Bartaz
Julie Bartaz	fille	Julienne Bartaz
Robert Fleury	mari	Aimée Fleury
Aimée Fleury	femme	Robert Fleury
Robert Fleury	père	Virginie Fleury
Aimée Fleury	mère	Virginie Fleury
Virginie Fleury	fille	Robert Fleury
Virginie Fleury	fille	Aimée Fleury
Paul Fleury	fils	Robert Fleury
Paul Fleury	fils	Aimée Fleury
Robert Fleury	père	Paul Fleury
Aimée Fleury	mère	Paul Fleury
Paul Fleury	frère	Virginie Fleury
Virginie Fleury	sœur	Paul Fleury
Vladimir Rouski	père	Sidonie Rose
Gaston Montfaucon	mari	Lise Montfaucon
Lise Montfaucon	femme	Gaston Montfaucon
Gaston Montfaucon	père	Albertine Montfaucon
Lise Montfaucon	mère	Albertine Montfaucon
Albertine Montfaucon	fille	Gaston Montfaucon
Albertine Montfaucon	fille	Lise Montfaucon
Émile Montfaucon	fils	Gaston Montfaucon
Émile Montfaucon	fils	Lise Montfaucon
Gaston Montfaucon	père	Émile Montfaucon
Lise Montfaucon	mère	Émile Montfaucon
Paul Fleury	frère	Albertine Montfaucon
Albertine Montfaucon	sœur	Émile Montfaucon
Élisabeth Soper	mère	Denis-Thierry Poulain
Géraldine Monet	mère	Christophe Courtois
Armand Monet	beau-père	Christophe Courtois
Christophe Courtois	beau-fils	Armand Monet
Christophe Courtois	fils	Géraldine Monet
Dominique Monet	demi-frère	Christophe Courtois
Christophe Courtois	demi-frère	Dominique Monet
Christophe Courtois	fils	Paul Arasse
Paul Arasse	père	Christophe Courtois
Lucie Baral	mère	Christiane Guillon
Denis-Thierry Poulain	fils	Élisabeth Soper
Christiane Guillon	fille	Lucie Baral
Marie-Jacqueline Chantal	voisine	Floralie Cuq
Marie-Jacqueline Chantal	voisine	Sylvie Boulin
Anselme Deburau	voisin	Albert Moquette
Bob Destirac	voisin	Susanne Lopes
Théodore Linz	voisin	Céleste Bertier
Théodore Linz	voisin	Denis Grand
Théodore Linz	voisin	Henriette Beaugé
Théodore Linz	voisin	Placide Bertier
Jean Durand	voisin	Maurice Verneuil
Clarisse Batol	voisine	Gabrielle Chabert
Sidonie Rose	voisine	Raymone Philémon
François Boulin	voisin	Raymone Philémon
Albert Boulin	voisin	Raymone Philémon
Placide Bertier	voisin	Félicie François
Denis Grand	voisin	Félicie François
Céleste Bertier	voisine	Félicie François
Floralie Cuq	voisin	Marie-Jacqueline Chantal
Sylvie Boulin	voisine	Marie-Jacqueline Chantal
Albert Moquette	voisin	Anselme Deburau
Susanne Lopes	voisine	Bob Destirac
Céleste Bertier	voisine	Théodore Linz
Denis Grand	voisin	Théodore Linz
Henriette Beaugé	voisine	Théodore Linz
Placide Bertier	voisin	Théodore Linz
Maurice Verneuil	voisin	Jean Durand
Gabrielle Chabert	voisine	Clarisse Batol
Raymone Philémon	voisine	Sidonie Rose
Raymone Philémon	voisine	François Boulin
Raymone Philémon	voisine	Albert Boulin
Félicie François	voisine	Placide Bertier
Félicie François	voisine	Denis Grand
Félicie François	voisine	Céleste Bertier
Jenny Clarens	maîtresse	Ernest-Nicolas Cabrissade
Ernest-Nicolas Cabrissade	amant	Jenny Clarens
Thérèse Vidal	sœur	Lisette Martin
Lisette Martin	sœur	Thérèse Vidal
Vladimir Rouski	colocataire	Théophile Esquirol
Théophile Esquirol	colocataire	Vladimir Rouski
Vania Pons	mère	Lalah-Poor
Lalah-Poor	fils	Vania Pons
Madeleine Chevalier	demi-sœur	David Sanchez du Boucher
David Sanchez du Boucher	demi-frère	Madeleine Chevalier
Joseph Navarro	petit-fils	Gloria Grand
Gloria Grand	grand-mère	Joseph Navarro
Victory Pecil	colocataire	Jeanne Fusier-Gir
Jeanne Fusier-Gir	colocataire	Victory Pecil
Sabine Mespoulhé	sœur	Françoise Mespoulhé
Françoise Mespoulhé	sœur	Sabine Mespoulhé
Chantal Germain	femme	Romuald Germain
Romuald Germain	mari	Chantal Germain
Henri Bonnevie	mari	Isabelle Bonnevie
Henri Bonnevie	père	Jeannette Bonnevie
Henri Bonnevie	père	Jacques Bonnevie
Henri Bonnevie	père	Ponette Bonnevie
Henri Bonnevie	père	Clarisse Bonnevie
Isabelle Bonnevie	femme	Henri Bonnevie
Isabelle Bonnevie	mère	Jeannette Bonnevie
Isabelle Bonnevie	mère	Jacques Bonnevie
Isabelle Bonnevie	mère	Ponette Bonnevie
Isabelle Bonnevie	mère	Clarisse Bonnevie
Jeannette Bonnevie	fille	Henri Bonnevie
Jeannette Bonnevie	fille	Isabelle Bonnevie
Jeannette Bonnevie	sœur	Jacques Bonnevie
Jeannette Bonnevie	sœur	Ponette Bonnevie
Jeannette Bonnevie	sœur	Clarisse Bonnevie
Jacques Bonnevie	fils	Henri Bonnevie
Jacques Bonnevie	fils	Isabelle Bonnevie
Jacques Bonnevie	frère	Jeannette Bonnevie
Jacques Bonnevie	frère	Ponette Bonnevie
Jacques Bonnevie	frère	Clarisse Bonnevie
Ponette Bonnevie	fille	Henri Bonnevie
Ponette Bonnevie	fille	Isabelle Bonnevie
Ponette Bonnevie	sœur	Jacques Bonnevie
Ponette Bonnevie	sœur	Jeannette Bonnevie
Ponette Bonnevie	sœur	Clarisse Bonnevie
Clarisse Bonnevie	fille	Henri Bonnevie
Clarisse Bonnevie	fille	Isabelle Bonnevie
Clarisse Bonnevie	sœur	Jacques Bonnevie
Clarisse Bonnevie	sœur	Jeannette Bonnevie
Clarisse Bonnevie	sœur	Ponette Bonnevie
Albertine Montfaucon	sœur	Paul Fleury
Émile Montfaucon	frère	Albertine Montfaucon
Louis Bertrand	confrère	Rémy Germain
Rémy Germain	confrère	Michel Vorzet
Sidonie Rose	fille	Vladimir Rouski
